Тип товара,Цена,Количество на складе,Наличие на складе
Системный блок,40305.76,923,True
Ноутбук,91015.36,1734,True
Системный блок,59661.42,2668,True
Системный блок,109064.95,0,False
Смартфон,74659.4,0,False
Системный блок,52869.32,1598,True
Ноутбук,3923.04,2978,True
Ноутбук,89898.27,4772,True
Смартфон,109428.33,1360,True
Ноутбук,82111.33,0,False
Ноутбук,103915.73,2180,True
Смартфон,93743.22,3051,True
Системный блок,44502.79,0,False
Смартфон,6431.91,4301,True
Смартфон,73427.82,922,True
Планшет,79976.23,0,False
Смартфон,90818.26,0,False
Ноутбук,105015.82,0,False
Планшет,74887.53,2135,True
Ноутбук,63566.81,1701,True
Ноутбук,68346.87,0,False
Планшет,96318.71,0,False
Планшет,98312.21,166,True
Системный блок,102321.37,0,False
Смартфон,25174.96,4915,True
Ноутбук,49841.81,0,False
Системный блок,18812.62,4977,True
Ноутбук,41163.37,2612,True
Системный блок,95573.67,0,False
Системный блок,103224.38,0,False
Ноутбук,49011.22,3061,True
Смартфон,78537.24,4871,True
Ноутбук,113430.75,3060,True
Системный блок,14494.22,0,False
Планшет,32020.7,0,False
Планшет,23233.6,0,False
Системный блок,35312.65,986,True
Ноутбук,23903.67,497,True
Ноутбук,4157.43,2833,True
Планшет,58647.15,3892,True
Смартфон,56713.99,0,False
Смартфон,95875.63,1791,True
Смартфон,63252.45,4154,True
Смартфон,20335.95,0,False
Планшет,60550.39,0,False
Ноутбук,10795.66,3229,True
Планшет,105401.7,4876,True
Системный блок,5384.57,2874,True
Системный блок,104500.13,1490,True
Смартфон,93332.92,3905,True
Смартфон,62277.8,0,False
Планшет,39840.04,2597,True
Ноутбук,77402.24,0,False
Смартфон,31193.75,0,False
Смартфон,60921.66,4500,True
Смартфон,91116.77,4324,True
Системный блок,52573.82,1669,True
Планшет,69472.85,4694,True
Планшет,80876.11,2896,True
Планшет,85059.58,0,False
Смартфон,90752.64,1268,True
Ноутбук,61945.47,0,False
Системный блок,35956.51,4172,True
Планшет,119436.69,3295,True
Планшет,3630.2,0,False
Планшет,67781.68,0,False
Смартфон,70878.54,4005,True
Ноутбук,88928.06,1305,True
Ноутбук,14493.99,0,False
Системный блок,73981.82,0,False
Смартфон,5133.89,4662,True
Планшет,87889.25,0,False
Планшет,24689.7,2642,True
Планшет,52426.61,695,True
Смартфон,16924.04,4413,True
Ноутбук,11312.18,0,False
Системный блок,16135.43,4275,True
Системный блок,54052.92,0,False
Ноутбук,92804.89,2023,True
Системный блок,6481.39,1626,True
Системный блок,8216.88,2884,True
Планшет,48963.01,1317,True
Ноутбук,9034.16,934,True
Смартфон,72772.27,616,True
Смартфон,115090.46,1732,True
Ноутбук,74461.33,326,True
Смартфон,34792.7,0,False
Смартфон,6945.68,0,False
Смартфон,102764.27,0,False
Планшет,16220.2,34,True
Системный блок,39134.91,3210,True
Системный блок,61442.87,1883,True
Планшет,39058.38,3568,True
Смартфон,53832.03,2260,True
Системный блок,6027.47,0,False
Ноутбук,89169.46,0,False
Системный блок,84840.99,2098,True
Ноутбук,81614.06,1926,True
Ноутбук,97393.54,0,False
Планшет,37136.25,2463,True
Системный блок,84032.69,895,True
Смартфон,95723.19,0,False
Планшет,13508.96,0,False
Ноутбук,72533.36,0,False
Смартфон,12888.87,4930,True
Системный блок,45635.0,0,False
Планшет,33230.17,0,False
Системный блок,89975.23,860,True
Смартфон,53018.08,152,True
Ноутбук,113253.42,4019,True
Планшет,59866.86,0,False
Смартфон,112029.51,1158,True
Системный блок,41421.16,3006,True
Смартфон,68372.87,0,False
Планшет,25136.39,1488,True
Планшет,110309.32,4571,True
Системный блок,48138.23,4977,True
Планшет,24231.06,0,False
Ноутбук,23759.26,658,True
Планшет,77268.7,0,False
Системный блок,3806.23,2338,True
Системный блок,4199.29,0,False
Системный блок,49162.0,0,False
Планшет,4909.01,2032,True
Системный блок,76966.86,4146,True
Ноутбук,60956.04,1253,True
Смартфон,73353.04,0,False
Смартфон,16415.64,0,False
Системный блок,96521.21,0,False
Ноутбук,21528.16,0,False
Планшет,5836.69,4552,True
Системный блок,93765.37,2884,True
Ноутбук,118601.79,0,False
Планшет,92900.11,0,False
Системный блок,38293.7,2962,True
Планшет,86277.4,0,False
Ноутбук,64125.45,85,True
Ноутбук,79694.16,0,False
Смартфон,29505.1,0,False
Системный блок,53889.42,0,False
Планшет,93688.65,1969,True
Планшет,31899.03,0,False
Смартфон,89174.48,0,False
Смартфон,84051.76,0,False
Системный блок,56964.2,3906,True
Смартфон,11985.79,0,False
Системный блок,38468.41,0,False
Планшет,13246.17,0,False
Смартфон,93549.7,1732,True
Системный блок,91471.51,0,False
Смартфон,61562.41,2924,True
Ноутбук,63884.61,1766,True
Смартфон,64405.36,2481,True
Системный блок,72534.27,4160,True
Системный блок,71678.52,0,False
Ноутбук,62470.36,0,False
Ноутбук,96557.95,0,False
Смартфон,85015.81,0,False
Ноутбук,54755.08,1909,True
Системный блок,82954.65,0,False
Планшет,33652.26,0,False
Планшет,42166.12,0,False
Ноутбук,31758.83,3099,True
Смартфон,110002.5,3215,True
Системный блок,9548.15,954,True
Системный блок,107048.96,0,False
Планшет,43148.7,0,False
Смартфон,75941.97,3300,True
Ноутбук,104514.42,3088,True
Планшет,66332.02,0,False
Планшет,28283.16,0,False
Системный блок,45130.06,0,False
Планшет,45470.25,3837,True
Системный блок,52246.35,2922,True
Ноутбук,7826.82,0,False
Смартфон,85041.78,4571,True
Ноутбук,31948.56,0,False
Планшет,21097.56,0,False
Системный блок,108777.42,0,False
Планшет,118405.01,0,False
Смартфон,100604.75,0,False
Смартфон,75269.59,1202,True
Ноутбук,48614.52,0,False
Планшет,44290.15,0,False
Смартфон,42988.26,619,True
Системный блок,102642.3,0,False
Системный блок,44353.15,559,True
Планшет,43719.97,0,False
Планшет,98496.15,0,False
Ноутбук,58785.56,4504,True
Системный блок,56799.48,0,False
Смартфон,51912.78,3185,True
Ноутбук,65248.88,2697,True
Планшет,64091.85,760,True
Смартфон,64852.05,111,True
Ноутбук,66988.4,0,False
Планшет,52963.27,1342,True
Планшет,99482.37,0,False
Системный блок,102929.51,0,False
Планшет,5973.74,3304,True
Системный блок,32170.44,2146,True
Смартфон,77972.56,0,False
Планшет,3747.34,0,False
Системный блок,107557.17,4179,True
Смартфон,65016.08,0,False
Смартфон,80151.87,0,False
Смартфон,55146.22,1259,True
Ноутбук,84094.25,0,False
Планшет,103717.83,4660,True
Смартфон,50549.18,0,False
Планшет,78632.73,4130,True
Смартфон,48312.55,225,True
Смартфон,43575.86,4672,True
Системный блок,41632.08,0,False
Ноутбук,25652.74,0,False
Планшет,56695.84,3740,True
Ноутбук,83880.38,0,False
Планшет,56110.27,0,False
Смартфон,30822.29,0,False
Системный блок,103544.27,0,False
Планшет,87138.77,0,False
Ноутбук,62535.29,0,False
Системный блок,33323.32,4824,True
Системный блок,14590.74,1233,True
Смартфон,83880.54,0,False
Ноутбук,76399.99,1157,True
Планшет,29566.64,414,True
Ноутбук,26981.36,0,False
Планшет,64442.96,2108,True
Ноутбук,83573.49,1702,True
Ноутбук,72180.59,4186,True
Системный блок,68795.0,0,False
Смартфон,4530.35,3564,True
Смартфон,107187.03,0,False
Смартфон,4596.22,4070,True
Системный блок,73069.47,301,True
Системный блок,42094.57,0,False
Системный блок,111140.24,2675,True
Смартфон,110871.74,0,False
Системный блок,33308.6,0,False
Смартфон,40423.04,1673,True
Ноутбук,81576.87,0,False
Планшет,49662.62,3010,True
Смартфон,70495.71,0,False
Системный блок,100764.64,0,False
Планшет,45140.12,4052,True
Смартфон,74345.82,1221,True
Системный блок,23670.18,0,False
Системный блок,35259.16,0,False
Ноутбук,108156.21,3426,True
Смартфон,117705.79,1044,True
Смартфон,94345.76,0,False
Планшет,42856.73,0,False
Системный блок,112826.02,0,False
Ноутбук,57939.86,4634,True
Смартфон,8820.38,4607,True
Смартфон,62394.4,0,False
Системный блок,34851.89,4217,True
Планшет,119920.64,0,False
Системный блок,25023.5,3229,True
Системный блок,84396.41,0,False
Системный блок,119056.22,1758,True
Планшет,38905.48,0,False
Ноутбук,16426.49,481,True
Системный блок,39869.17,0,False
Ноутбук,110665.22,0,False
Смартфон,44007.56,0,False
Ноутбук,6596.6,2168,True
Планшет,53712.29,0,False
Смартфон,10569.54,0,False
Планшет,21414.18,4740,True
Ноутбук,111107.32,0,False
Ноутбук,23140.62,1354,True
Смартфон,111792.72,0,False
Системный блок,58106.03,4470,True
Смартфон,32780.28,426,True
Смартфон,31441.7,0,False
Смартфон,19393.97,0,False
Ноутбук,112514.55,0,False
Системный блок,111663.92,4696,True
Системный блок,39767.34,653,True
Смартфон,23034.96,0,False
Системный блок,55961.06,0,False
Системный блок,68356.87,1013,True
Системный блок,60653.33,4536,True
Ноутбук,84824.71,0,False
Смартфон,115828.82,0,False
Системный блок,99224.5,0,False
Смартфон,17538.55,752,True
Смартфон,70661.17,3543,True
Системный блок,9383.01,865,True
Планшет,94499.29,0,False
Планшет,84837.1,0,False
Смартфон,59346.95,0,False
Ноутбук,81739.16,0,False
Смартфон,114871.64,0,False
Системный блок,33587.34,0,False
Ноутбук,12626.25,4469,True
Системный блок,25361.1,1293,True
Ноутбук,63309.79,4040,True
Смартфон,94564.82,0,False
Планшет,115959.44,0,False
Системный блок,119326.36,2065,True
Системный блок,24850.65,1519,True
Системный блок,13653.95,2015,True
Ноутбук,88655.52,4530,True
Смартфон,28584.23,4271,True
Планшет,112678.81,1560,True
Планшет,34828.95,0,False
Системный блок,97921.34,0,False
Ноутбук,72367.56,0,False
Смартфон,98600.86,743,True
Смартфон,6570.87,4881,True
Смартфон,84144.88,0,False
Смартфон,91867.35,5,True
Системный блок,17908.79,0,False
Ноутбук,54883.18,0,False
Смартфон,108753.39,4180,True
Ноутбук,95274.0,4310,True
Системный блок,4444.67,166,True
Ноутбук,79447.34,0,False
Ноутбук,61315.8,0,False
Ноутбук,102590.57,892,True
Ноутбук,65375.15,2111,True
Планшет,67802.04,1763,True
Смартфон,78452.85,0,False
Смартфон,34813.76,0,False
Смартфон,94328.87,0,False
Системный блок,80165.54,2248,True
Смартфон,60417.83,0,False
Планшет,13052.59,50,True
Смартфон,101386.54,3366,True
Планшет,17103.96,0,False
Системный блок,7080.17,1948,True
Системный блок,38599.32,1105,True
Системный блок,63448.1,1391,True
Ноутбук,67634.95,0,False
Планшет,33865.65,2223,True
Ноутбук,26557.66,1541,True
Системный блок,116116.14,0,False
Планшет,51513.47,0,False
Системный блок,112764.54,0,False
Планшет,72618.0,2694,True
Планшет,102900.39,3840,True
Смартфон,28359.59,0,False
Смартфон,56657.32,0,False
Планшет,52010.18,2431,True
Ноутбук,67624.06,0,False
Ноутбук,4303.24,2417,True
Системный блок,33581.72,1223,True
Ноутбук,42173.83,0,False
Смартфон,15687.42,0,False
Смартфон,22263.11,0,False
Системный блок,36233.94,0,False
Смартфон,103364.08,94,True
Планшет,93192.27,0,False
Ноутбук,66851.9,24,True
Планшет,14093.09,4460,True
Смартфон,83772.64,333,True
Планшет,69135.02,0,False
Планшет,105995.98,0,False
Ноутбук,93759.07,3999,True
Планшет,18605.45,3541,True
Планшет,85933.93,0,False
Ноутбук,4136.39,2057,True
Ноутбук,42885.49,1343,True
Системный блок,76783.15,0,False
Планшет,111395.88,629,True
Смартфон,25692.3,4280,True
Ноутбук,67224.71,3980,True
Ноутбук,108688.56,0,False
Ноутбук,27150.63,4327,True
Системный блок,63257.97,451,True
Ноутбук,11022.61,3400,True
Ноутбук,62827.61,0,False
Планшет,56835.96,3436,True
Системный блок,100605.27,0,False
Смартфон,51518.67,0,False
Планшет,24380.01,30,True
Планшет,38493.73,0,False
Ноутбук,23875.94,710,True
Системный блок,71826.2,0,False
Планшет,20914.12,0,False
Смартфон,105661.56,0,False
Смартфон,6289.43,3014,True
Ноутбук,50083.96,2607,True
Смартфон,50194.65,3954,True
Системный блок,112142.83,0,False
Системный блок,86416.97,4026,True
Ноутбук,64574.0,3558,True
Смартфон,71336.8,0,False
Системный блок,112316.76,2140,True
Системный блок,100020.87,0,False
Системный блок,100728.11,0,False
Системный блок,40564.28,632,True
Ноутбук,86024.19,4873,True
Планшет,24417.25,664,True
Ноутбук,107551.6,3785,True
Системный блок,31554.08,273,True
Смартфон,116327.02,3212,True
Системный блок,84895.52,877,True
Системный блок,33001.28,4268,True
Смартфон,115054.89,4282,True
Ноутбук,103708.45,905,True
Системный блок,61105.05,0,False
Ноутбук,25449.47,1088,True
Системный блок,70546.24,1108,True
Системный блок,73425.07,3552,True
Планшет,114836.94,3885,True
Ноутбук,86730.29,0,False
Ноутбук,36717.36,0,False
Планшет,60132.36,0,False
Планшет,95560.94,663,True
Планшет,85622.86,0,False
Планшет,3425.01,0,False
Планшет,112661.76,0,False
Смартфон,67341.59,3830,True
Планшет,58854.1,158,True
Системный блок,65646.5,2254,True
Ноутбук,110900.39,1113,True
Системный блок,2730.33,3058,True
Смартфон,57862.38,1570,True
Ноутбук,102723.71,0,False
Ноутбук,51030.53,0,False
Ноутбук,119571.36,1252,True
Смартфон,18082.64,0,False
Ноутбук,52009.53,0,False
Смартфон,41003.45,4506,True
Планшет,7621.33,0,False
Системный блок,18368.3,3115,True
Смартфон,18647.14,0,False
Системный блок,51175.84,0,False
Ноутбук,92581.17,3172,True
Системный блок,102427.91,978,True
Системный блок,85675.37,0,False
Планшет,14265.24,0,False
Смартфон,86591.34,2319,True
Системный блок,119257.61,630,True
Ноутбук,103114.78,0,False
Системный блок,43301.48,0,False
Ноутбук,60911.2,3266,True
Ноутбук,60961.55,910,True
Системный блок,80863.79,0,False
Системный блок,12713.77,0,False
Ноутбук,107929.51,0,False
Системный блок,8386.03,4839,True
Ноутбук,52579.04,0,False
Ноутбук,8283.28,0,False
Смартфон,64602.85,106,True
Планшет,91497.45,1492,True
Системный блок,83693.27,0,False
Планшет,72158.27,473,True
Системный блок,34889.24,0,False
Планшет,19916.03,1226,True
Смартфон,55339.05,0,False
Смартфон,103403.01,0,False
Системный блок,60828.44,0,False
Системный блок,90919.2,3587,True
Ноутбук,47325.4,0,False
Планшет,111172.81,0,False
Планшет,42090.24,3927,True
Ноутбук,35733.37,2050,True
Планшет,24163.47,0,False
Системный блок,81561.9,2203,True
Планшет,109219.93,0,False
Смартфон,32047.33,0,False
Системный блок,39868.06,1879,True
Системный блок,64307.07,0,False
Смартфон,26831.84,0,False
Ноутбук,112315.0,0,False
Ноутбук,10943.88,0,False
Планшет,66993.79,0,False
Ноутбук,30471.11,1121,True
Смартфон,101666.14,0,False
Ноутбук,32476.32,0,False
Системный блок,70552.4,1936,True
Планшет,79073.51,3742,True
Смартфон,98091.36,0,False
Смартфон,84515.59,0,False
Ноутбук,23858.95,0,False
Планшет,75550.11,1224,True
Смартфон,17153.35,0,False
Смартфон,47639.6,0,False
Смартфон,107807.94,4189,True
Смартфон,77554.54,0,False
Системный блок,72038.91,2894,True
Планшет,92658.46,4105,True
Смартфон,3441.37,0,False
Смартфон,3993.79,725,True
Ноутбук,49618.66,1167,True
Системный блок,12861.48,1384,True
Системный блок,51680.01,0,False
Планшет,103200.3,0,False
Системный блок,97290.45,2746,True
Ноутбук,66325.36,1363,True
Ноутбук,65786.19,0,False
Ноутбук,41094.19,4562,True
Ноутбук,48789.32,430,True
Планшет,61967.9,0,False
Смартфон,69339.87,2321,True
Планшет,53262.57,0,False
Системный блок,91425.35,0,False
Смартфон,62388.05,3631,True
Планшет,51051.71,0,False
Планшет,86556.54,4567,True
Системный блок,82444.15,342,True
Смартфон,29056.04,964,True
Ноутбук,59852.47,1258,True
Ноутбук,24828.83,0,False
Ноутбук,104608.64,342,True
Смартфон,9132.78,0,False
Ноутбук,93470.71,4571,True
Смартфон,85476.98,2092,True
Ноутбук,53027.15,0,False
Смартфон,41709.93,0,False
Смартфон,18136.97,0,False
Планшет,58339.32,0,False
Смартфон,115610.3,0,False
Системный блок,54870.68,72,True
Системный блок,97161.02,893,True
Планшет,76885.67,4541,True
Смартфон,59928.3,0,False
Ноутбук,99361.43,1440,True
Смартфон,101911.45,0,False
Смартфон,26237.62,2451,True
Системный блок,5614.52,0,False
Системный блок,47701.06,0,False
Ноутбук,100506.21,996,True
Ноутбук,86025.97,3443,True
Смартфон,63529.44,0,False
Планшет,55989.03,4818,True
Смартфон,58311.37,0,False
Ноутбук,100737.57,2617,True
Смартфон,48554.15,0,False
Ноутбук,34185.46,1661,True
Системный блок,56368.93,0,False
Системный блок,97884.72,2660,True
Планшет,118004.17,3329,True
Смартфон,56576.82,0,False
Смартфон,37903.44,0,False
Ноутбук,7313.48,0,False
Смартфон,62331.43,4909,True
Системный блок,73549.62,0,False
Ноутбук,118727.86,0,False
Смартфон,33191.39,0,False
Системный блок,13111.51,2220,True
Смартфон,13444.26,259,True
Смартфон,87940.56,458,True
Планшет,95893.19,0,False
Планшет,19669.93,3319,True
Системный блок,44186.79,4463,True
Системный блок,48708.37,0,False
Смартфон,66438.01,0,False
Ноутбук,35574.42,2944,True
Смартфон,107096.22,0,False
Ноутбук,114723.49,0,False
Смартфон,103427.45,4096,True
Планшет,57373.17,0,False
Планшет,36550.15,2769,True
Системный блок,32351.72,1618,True
Планшет,44793.98,1243,True
Системный блок,110457.57,0,False
Планшет,19653.28,2840,True
Системный блок,94797.01,0,False
Планшет,51643.22,3167,True
Планшет,41078.74,0,False
Ноутбук,51141.24,0,False
Системный блок,17439.57,0,False
Планшет,102053.5,1638,True
Системный блок,96399.24,0,False
Планшет,38476.16,1699,True
Смартфон,49783.49,2791,True
Планшет,115764.36,3015,True
Системный блок,79222.72,3354,True
Планшет,75801.56,3053,True
Системный блок,41010.42,1637,True
Планшет,34745.18,1904,True
Смартфон,25459.94,4023,True
Системный блок,80016.56,0,False
Ноутбук,100261.18,3753,True
Ноутбук,14834.53,0,False
Ноутбук,29018.07,0,False
Системный блок,61860.27,3407,True
Системный блок,88287.17,0,False
Планшет,39117.71,181,True
Ноутбук,85348.47,244,True
Ноутбук,43677.77,4976,True
Ноутбук,23570.89,0,False
Системный блок,5307.25,0,False
Планшет,62351.1,0,False
Планшет,102433.31,3439,True
Планшет,49411.85,627,True
Планшет,83784.0,0,False
Смартфон,95339.1,2186,True
Планшет,52828.36,0,False
Системный блок,103844.11,0,False
Системный блок,49245.15,0,False
Смартфон,36417.02,0,False
Системный блок,68803.91,0,False
Планшет,2584.45,4786,True
Смартфон,101336.81,1612,True
Планшет,17565.84,0,False
Смартфон,46443.7,3939,True
Системный блок,48145.61,0,False
Планшет,105487.16,177,True
Ноутбук,16737.81,1196,True
Ноутбук,80118.42,2883,True
Ноутбук,94376.16,0,False
Системный блок,79486.62,1842,True
Ноутбук,117323.6,2483,True
Смартфон,95594.28,547,True
Системный блок,57497.26,0,False
Ноутбук,99451.63,1564,True
Планшет,97134.25,0,False
Смартфон,44908.73,4374,True
Системный блок,81262.95,3821,True
Системный блок,113037.43,0,False
Смартфон,4856.77,0,False
Смартфон,71509.39,3114,True
Системный блок,57463.15,0,False
Планшет,69095.36,0,False
Системный блок,11972.3,2999,True
Планшет,17165.86,0,False
Планшет,43646.73,0,False
Смартфон,26848.79,0,False
Планшет,32278.83,0,False
Планшет,19956.5,0,False
Ноутбук,118435.43,3431,True
Планшет,35705.23,310,True
Системный блок,83827.93,0,False
Ноутбук,106934.15,0,False
Планшет,21030.24,3529,True
Смартфон,58754.27,0,False
Ноутбук,49450.61,0,False
Планшет,54816.6,1930,True
Ноутбук,105438.12,0,False
Смартфон,114346.33,745,True
Ноутбук,117618.87,0,False
Ноутбук,43595.36,4542,True
Системный блок,28338.99,3393,True
Планшет,2539.13,1028,True
Системный блок,115013.11,3608,True
Смартфон,37430.57,0,False
Планшет,27259.03,0,False
Системный блок,89147.43,0,False
Смартфон,23815.73,0,False
Ноутбук,38368.38,3472,True
Системный блок,62219.97,151,True
Ноутбук,6096.6,0,False
Смартфон,54127.12,0,False
Планшет,91201.1,0,False
Планшет,59514.1,923,True
Смартфон,82492.67,1832,True
Смартфон,22181.09,0,False
Системный блок,7782.73,2840,True
Смартфон,82292.88,0,False
Смартфон,22779.52,0,False
Смартфон,13186.25,4150,True
Планшет,57082.6,237,True
Системный блок,16721.19,0,False
Смартфон,74455.49,4819,True
Ноутбук,8300.39,877,True
Планшет,97910.36,0,False
Смартфон,80634.44,1755,True
Системный блок,119953.38,0,False
Ноутбук,7773.81,0,False
Ноутбук,46750.3,0,False
Системный блок,65948.93,1575,True
Смартфон,94244.19,0,False
Системный блок,99152.21,0,False
Ноутбук,2870.13,2059,True
Ноутбук,20514.12,2555,True
Ноутбук,5143.1,0,False
Системный блок,19542.43,4143,True
Ноутбук,5257.96,0,False
Смартфон,53818.91,804,True
Системный блок,42814.82,0,False
Планшет,101928.24,3150,True
Ноутбук,98604.46,0,False
Ноутбук,55076.69,1449,True
Ноутбук,57643.63,0,False
Ноутбук,59982.95,0,False
Ноутбук,96954.59,0,False
Смартфон,52063.33,0,False
Смартфон,52180.66,0,False
Ноутбук,82063.25,390,True
Системный блок,103351.86,0,False
Планшет,61234.53,0,False
Ноутбук,41261.4,0,False
Системный блок,53658.59,4689,True
Планшет,107229.85,0,False
Планшет,78052.4,0,False
Планшет,9593.41,2104,True
Смартфон,33487.68,0,False
Смартфон,78217.83,0,False
Ноутбук,67300.29,0,False
Планшет,71029.91,4871,True
Системный блок,111940.73,4829,True
Планшет,15885.71,0,False
Планшет,115583.74,3318,True
Смартфон,36164.34,0,False
Смартфон,14652.93,0,False
Системный блок,81435.09,0,False
Ноутбук,28744.65,4024,True
Планшет,65173.99,0,False
Смартфон,94230.01,1935,True
Системный блок,64916.51,147,True
Ноутбук,10878.1,0,False
Смартфон,87777.38,0,False
Системный блок,5469.71,3873,True
Планшет,48298.09,2303,True
Системный блок,19094.25,0,False
Системный блок,59977.84,1249,True
Смартфон,14197.93,0,False
Смартфон,33329.35,0,False
Ноутбук,72779.19,793,True
Системный блок,25378.27,0,False
Системный блок,112377.2,2264,True
Смартфон,29856.81,618,True
Системный блок,69128.49,1091,True
Смартфон,95997.85,0,False
Ноутбук,93952.21,0,False
Смартфон,74405.12,0,False
Ноутбук,68455.96,1486,True
Планшет,70751.14,0,False
Системный блок,103708.69,2986,True
Ноутбук,89915.28,0,False
Смартфон,36209.77,0,False
Ноутбук,40996.65,1815,True
Смартфон,80422.49,0,False
Смартфон,23322.17,0,False
Планшет,5350.0,0,False
Планшет,13191.54,4782,True
Ноутбук,43709.6,2651,True
Планшет,29927.48,0,False
Системный блок,103590.91,0,False
Ноутбук,82912.82,2482,True
Смартфон,84304.87,0,False
Ноутбук,90552.09,4263,True
Смартфон,91805.33,0,False
Ноутбук,92848.57,3984,True
Смартфон,79540.84,1552,True
Планшет,23322.44,0,False
Системный блок,78046.05,0,False
Смартфон,23133.21,855,True
Смартфон,24934.73,3541,True
Ноутбук,40277.88,1955,True
Смартфон,78129.08,0,False
Системный блок,92551.27,0,False
Планшет,112583.41,0,False
Ноутбук,114918.62,1432,True
Планшет,33174.88,1857,True
Системный блок,9168.68,4265,True
Системный блок,118304.77,0,False
Системный блок,77200.98,0,False
Системный блок,55311.62,1320,True
Смартфон,71742.4,0,False
Планшет,95033.8,4375,True
Системный блок,97645.31,0,False
Планшет,36092.82,381,True
Системный блок,14543.01,4428,True
Планшет,15549.17,4080,True
Планшет,21133.68,557,True
Ноутбук,40334.79,3678,True
Ноутбук,89215.01,0,False
Системный блок,31391.25,0,False
Ноутбук,70400.95,0,False
Планшет,22080.87,0,False
Планшет,47072.02,0,False
Ноутбук,82251.48,0,False
Ноутбук,93518.48,1463,True
Ноутбук,69968.68,0,False
Ноутбук,59435.79,176,True
Системный блок,110553.25,0,False
Планшет,49946.22,0,False
Системный блок,38169.06,0,False
Ноутбук,18408.29,0,False
Планшет,55179.72,0,False
Планшет,107386.66,1038,True
Ноутбук,60812.09,0,False
Системный блок,93733.43,1349,True
Системный блок,29767.61,3433,True
Ноутбук,54979.07,0,False
Планшет,50761.46,0,False
Системный блок,46680.13,3218,True
Ноутбук,13616.93,2543,True
Смартфон,86014.08,0,False
Ноутбук,15204.26,2425,True
Системный блок,31713.96,666,True
Смартфон,7152.56,4520,True
Планшет,31915.84,1285,True
Ноутбук,32397.86,0,False
Ноутбук,55804.57,424,True
Системный блок,15531.68,3897,True
Ноутбук,111268.06,0,False
Планшет,93015.62,0,False
Смартфон,107373.59,25,True
Планшет,69615.07,4743,True
Смартфон,43525.27,4926,True
Ноутбук,9211.17,3499,True
Планшет,25143.75,1417,True
Ноутбук,112995.69,0,False
Планшет,112559.22,3478,True
Системный блок,66045.84,1186,True
Ноутбук,57909.35,0,False
Ноутбук,12828.62,47,True
Смартфон,47113.38,1568,True
Смартфон,69009.99,0,False
Смартфон,35195.81,1403,True
Смартфон,68540.93,0,False
Смартфон,75537.62,0,False
Смартфон,39999.0,4423,True
Ноутбук,5766.36,0,False
Смартфон,118765.65,0,False
Планшет,16184.02,1222,True
Ноутбук,23617.95,0,False
Планшет,111998.67,0,False
Смартфон,74425.06,0,False
Планшет,96729.85,0,False
Системный блок,46482.72,0,False
Планшет,39052.78,682,True
Планшет,56823.74,0,False
Системный блок,73371.04,3015,True
Системный блок,5595.42,0,False
Планшет,76574.84,2433,True
Ноутбук,62669.74,3185,True
Системный блок,23112.58,0,False
Смартфон,12742.51,0,False
Смартфон,45871.65,0,False
Смартфон,29074.68,999,True
Смартфон,113295.44,0,False
Смартфон,52103.42,0,False
Ноутбук,41244.04,359,True
Смартфон,11486.26,4429,True
Ноутбук,51832.37,0,False
Смартфон,10875.46,837,True
Системный блок,31663.08,2260,True
Системный блок,41213.79,0,False
Смартфон,70098.82,0,False
Ноутбук,47043.83,0,False
Смартфон,81949.27,0,False
Системный блок,12197.2,2576,True
Планшет,40785.96,0,False
Смартфон,12050.87,0,False
Системный блок,76364.18,690,True
Системный блок,37973.09,0,False
Планшет,18659.0,564,True
Смартфон,92877.85,3005,True
Ноутбук,63755.12,2924,True
Смартфон,4274.66,0,False
Смартфон,12440.99,0,False
Планшет,34812.52,4537,True
Планшет,39252.06,0,False
Ноутбук,96066.31,570,True
Ноутбук,69408.25,0,False
Системный блок,100667.41,4647,True
Смартфон,118781.9,0,False
Системный блок,68571.15,1577,True
Системный блок,55185.7,3635,True
Системный блок,116301.96,496,True
Системный блок,23907.5,0,False
Системный блок,31640.97,3973,True
Ноутбук,78936.1,0,False
Планшет,60503.48,0,False
Ноутбук,36398.2,3009,True
Ноутбук,116605.07,0,False
Планшет,112923.52,0,False
Системный блок,68745.64,0,False
Планшет,73006.88,2065,True
Системный блок,10018.99,1976,True
Системный блок,36096.89,0,False
Ноутбук,64268.42,0,False
Смартфон,16292.8,0,False
Системный блок,3962.35,174,True
Системный блок,20214.29,0,False
Системный блок,42290.58,2366,True
Системный блок,34526.38,2030,True
Планшет,99689.46,935,True
Ноутбук,61130.09,0,False
Ноутбук,106966.32,0,False
Ноутбук,4891.63,4109,True
Планшет,8234.8,1048,True
Ноутбук,87471.35,3184,True
Смартфон,33736.94,0,False
Ноутбук,106036.05,0,False
Планшет,40776.81,0,False
Планшет,7944.71,3787,True
Системный блок,66596.18,0,False
Смартфон,78887.36,220,True
Ноутбук,83101.97,3805,True
Смартфон,104557.32,1948,True
Системный блок,45004.18,4151,True
Системный блок,27802.94,0,False
Ноутбук,50829.85,0,False
Системный блок,109914.92,0,False
Планшет,65117.47,4144,True
Системный блок,41982.41,778,True
Планшет,23339.29,0,False
Ноутбук,110444.13,0,False
Ноутбук,35188.62,2550,True
Системный блок,36890.43,0,False
Смартфон,105763.64,0,False
Ноутбук,98027.06,1399,True
Ноутбук,107078.31,2496,True
Смартфон,26567.7,4997,True
Ноутбук,99437.65,0,False
Ноутбук,64828.22,1177,True
Смартфон,40201.75,2374,True
Смартфон,82900.74,0,False
Планшет,112673.68,0,False
Планшет,65986.36,0,False
Смартфон,85967.09,0,False
Ноутбук,68823.96,3863,True
Ноутбук,21304.49,0,False
Смартфон,110686.9,0,False
Планшет,9853.6,0,False
Смартфон,97474.05,1988,True
Системный блок,44177.87,4272,True
Планшет,12718.0,3584,True
Ноутбук,51009.41,2850,True
Системный блок,78706.19,0,False
Системный блок,86840.14,1298,True
Ноутбук,71094.23,4563,True
Планшет,74265.78,0,False
Планшет,113267.95,3270,True
Планшет,83413.18,2016,True
Планшет,56195.31,4858,True
Планшет,34921.02,4049,True
Ноутбук,73655.17,4383,True
Системный блок,48947.59,61,True
Системный блок,48864.96,3276,True
Ноутбук,86032.32,0,False
Ноутбук,52200.14,0,False
Ноутбук,32021.14,0,False
Ноутбук,88438.89,0,False
Планшет,35477.71,0,False
Смартфон,31356.78,0,False
Ноутбук,102485.6,0,False
Системный блок,9509.36,0,False
Смартфон,98135.02,1036,True
Смартфон,103143.76,2385,True
Ноутбук,51012.63,92,True
Системный блок,110637.93,318,True
Системный блок,118321.3,3435,True
Системный блок,77463.57,489,True
Планшет,58473.22,4633,True
Ноутбук,57250.53,909,True
Системный блок,107740.96,1611,True
Системный блок,5504.53,0,False
Планшет,82676.76,1904,True
Системный блок,54496.49,0,False
Ноутбук,74490.78,0,False
Смартфон,93287.49,0,False
Системный блок,48426.66,1250,True
Ноутбук,115318.48,2575,True
Ноутбук,86353.43,4817,True
Смартфон,101003.16,0,False
Планшет,59698.73,2664,True
Ноутбук,64037.66,0,False
Ноутбук,74647.25,0,False
Ноутбук,19927.22,0,False
Системный блок,104777.7,0,False
Смартфон,113631.13,4935,True
Системный блок,41052.83,0,False
Системный блок,119992.38,0,False
Смартфон,100269.03,0,False
Планшет,81847.36,0,False
Ноутбук,114158.52,2504,True
Планшет,67778.64,157,True
Смартфон,30215.31,0,False
Планшет,95108.64,0,False
Системный блок,5783.77,0,False
Ноутбук,97962.54,0,False
Системный блок,33448.09,0,False
Ноутбук,51934.39,2314,True
Ноутбук,41748.83,3963,True
Системный блок,95019.28,2230,True
Смартфон,9776.46,4132,True
Планшет,74577.13,0,False
Системный блок,14393.08,3426,True
Смартфон,91597.05,0,False
Ноутбук,118930.87,0,False
Планшет,29803.99,0,False
Смартфон,73557.24,4099,True
Системный блок,74998.08,2416,True
Системный блок,61491.4,2527,True
Системный блок,50583.5,4783,True
Ноутбук,113468.57,0,False
Смартфон,58277.3,4019,True
Ноутбук,83114.77,0,False
Системный блок,102047.33,4127,True
Ноутбук,74880.57,0,False
Системный блок,109087.15,2221,True
Смартфон,39252.59,2770,True
Планшет,99946.46,0,False
Системный блок,57500.61,0,False
Смартфон,100470.02,3354,True
Планшет,14299.25,0,False
Смартфон,19214.34,0,False
Смартфон,8255.63,1995,True
